02fae19667796e24c462c76aa3a368ec60eaa208;0c14e85ce6665c74c11ed9242cc3bf9dfedaab60c0a3e1f6a9ed950b1497a763;0.04;Mirai;1216;arm;1;0;1;6f013d0304c86605cd9a45a88e61639f126e3311;29f7d99553471b53a9008cbddd1c32e6bd35e779d2b5eabadebe46b403a2105a;0.08;Mirai;1500;arm;1;1;1;036
02fae19667796e24c462c76aa3a368ec60eaa208;0c14e85ce6665c74c11ed9242cc3bf9dfedaab60c0a3e1f6a9ed950b1497a763;0.04;Mirai;1216;arm;1;0;1;ea2641fc0b89a0b4d9822ad578c69320af6cf519;31bdcb0e74fbee24756a0f380232616164f0979e3aaf0054180d93cb76f13c5e;0.08;Mirai;1344;arm;1;0;1;038
07a2e69701467dbbe8ab207c0c20c5a21bb75d8c;89fe593cb39c93e16e38043e305bdd65684da8f016426e469fd3735894eb2a5e;0.12;Mirai;75680;mips;1;1;1;67e000098151c0a982d6bac879eda53b38191a83;7dc4ba916b23d0fa73b3d9b9797218ec8fb0440a424ed67d5cd1a566487b4803;0.08;Mirai;75680;mips;1;1;0;069
07a7e1ec5697b78c5ff04e7586dda5359531f391;6702bc667db08fd11e8cb4e7bee94bbedbcf4353630242f460014a488ad3752b;0.12;Mirai;59692;arm;1;1;1;628d1130ac05e4d7d3d173f42bbe87e7bb1a28e8;913480e459143782af558a5a263d007c45ce6591ccc286a68200752c21bb0cb8;0.16;Mirai;62596;arm;1;1;1;027
07a7e1ec5697b78c5ff04e7586dda5359531f391;6702bc667db08fd11e8cb4e7bee94bbedbcf4353630242f460014a488ad3752b;0.12;Mirai;59692;arm;1;1;1;68afe68dc036d1f163017741bc0e041ad28b939d;289cceeffaf88446b8de455e5d9cd67253857ba28331c8de0c725ee2397102c7;0.16;Mirai;59212;arm;1;1;1;026
07a7e1ec5697b78c5ff04e7586dda5359531f391;6702bc667db08fd11e8cb4e7bee94bbedbcf4353630242f460014a488ad3752b;0.12;Mirai;59692;arm;1;1;1;7e4ade2a48efbbc22640ac0ebe733dd4ab23a7ab;e7beb4bb5b76f7f41c6135a3a70f3922176fab15fc7a25a4be773149e05e5602;0.16;Mirai;59692;arm;1;1;1;028
07a7e1ec5697b78c5ff04e7586dda5359531f391;6702bc667db08fd11e8cb4e7bee94bbedbcf4353630242f460014a488ad3752b;0.12;Mirai;59692;arm;1;1;1;83012823d09338ffcaf7be7dd4a8dc39ce47192b;52b8576f5192fd9f4443854cc798f1245d99203152c1d9148db684e8bae83b8f;0.16;Mirai;59692;arm;1;1;1;028
07a7e1ec5697b78c5ff04e7586dda5359531f391;6702bc667db08fd11e8cb4e7bee94bbedbcf4353630242f460014a488ad3752b;0.12;Mirai;59692;arm;1;1;1;df3533a98fa69b2dfa69d87c724cdca39c065a88;3ff3af6e5817da6f1e39021b50f83a16825185b273d9d658b7578272c4aa219d;0.16;;59200;arm;1;1;1;027
0a496758f642f0718bf27a33c5da7520a012cd26;d0b9553da3324bf1202689de7490022093428a0e0c39b65efe9b178990ed382c;0.2;;55808;x86;1;1;1;6a2e08f4e3bf4124accf9381ac92a7455b8dc50e;a771a3b6ecf913347db14d53cb9e87615518b1ee61d5793ab5da800056ac2b91;0.28;Mirai;55264;x86;1;1;1;020
0a496758f642f0718bf27a33c5da7520a012cd26;d0b9553da3324bf1202689de7490022093428a0e0c39b65efe9b178990ed382c;0.2;;55808;x86;1;1;1;e08cfdab7fad99c14cf824c498497a32b95e00dc;fea28f7b4986aab474e16ac55a36502976f6174d05d2b6dedf0f5c65856b7a5f;0.28;Mirai;57948;x86;1;1;1;020
0b2af9053ef2b5261c5ef451a4fd843614b3063a;5ba4d2ba0f02d1443c74dae3846db41cb0dde6e59b6d8d067b44e453dfb4bd28;0.24;Mirai;129523;arm;1;0;1;e525b59ef82e18677c17faba674e91895f6ec3e8;e3a4200de1f62775b6a7383fe490669ddc43f346aca42ad0f4ebcb2fdc4f7e96;0.2;Mirai;133826;arm;1;0;1;021
0b45a141987028f442f1bb14fec38b5d2c5c9fc3;10297a525f2c3731c4e5222d6a73263ff26c16efe73195b84ba572c981d3d8ca;0.24;Mirai;129612;arm;1;0;1;e525b59ef82e18677c17faba674e91895f6ec3e8;e3a4200de1f62775b6a7383fe490669ddc43f346aca42ad0f4ebcb2fdc4f7e96;0.2;Mirai;133826;arm;1;0;1;024
0d4f59523b8c8397ebb5a8b825db9ac1388db686;90bed32d6b4f78df62fb141a47bdf29afc0c419b90b8dff633d0a19563111fdc;0.08;Mirai;58500;arm;1;1;1;122e5a8a8b8b3ee16f7e78c332173302825d3504;d77b48706417b6ef0f87773ca046ab68160e8d1152ff9ccb4678b0e60b5891f0;0.12;Gafgyt;56696;arm;1;1;1;020
1034207b116984d3dac9b2d0003fc0875219a37b;02a942a96534dd3cb7d3e78ea11d45328cc27ea22d9a6ed7839ec2cadd287c98;0.36;;92568;mips;1;1;1;16bb1062a8888d5fbf3a68fc88a787b4ed9392a3;34d7c3cc9d889403b934c0f8a216db5697e2d27ca441546a003448dc40d38a11;0.4;;112290;mips;1;0;1;040
1034207b116984d3dac9b2d0003fc0875219a37b;02a942a96534dd3cb7d3e78ea11d45328cc27ea22d9a6ed7839ec2cadd287c98;0.36;;92568;mips;1;1;1;6536560d039df6626f242f5e41a8ff32cb284b8b;7e478ac709e3ab61f3b7dc3df16ed919b8fbf1464d3fe3e3155c8358d60ff5d2;0.4;;112290;mips;1;0;1;039
1034207b116984d3dac9b2d0003fc0875219a37b;02a942a96534dd3cb7d3e78ea11d45328cc27ea22d9a6ed7839ec2cadd287c98;0.36;;92568;mips;1;1;1;e53da2f0d1b30501f5976382ecc40c85cfb4d0e1;6a47ed943d032e04dae3cfee84bc8eab0ede241594c0ef89385658fc4bf2a513;0.4;;112290;mips;1;0;1;040
120cc483dff57454f6f2c7b41101d4e1401e85f4;e62a4d6242f71295c0117157b210056ccb656c1e5e778949eaa488f32068465d;0.04;Mirai;55828;arm;1;1;1;564ee75e74f60567a405c2a23d1473e89a07319d;960caabe1426c0268aa1b90e4113bac1d5ae46941e7165a82614d633357b9c8c;0.08;Gafgyt;47472;arm;1;1;1;023
122e5a8a8b8b3ee16f7e78c332173302825d3504;d77b48706417b6ef0f87773ca046ab68160e8d1152ff9ccb4678b0e60b5891f0;0.12;Gafgyt;56696;arm;1;1;1;bb86767ffb877ccf39b73c319b303e7bb3a085b9;1704a1665d477f8354fc17e4da95402e61cb412dd75ad4d7664d6c728cde000d;0.08;;58500;arm;1;1;1;030
122e5a8a8b8b3ee16f7e78c332173302825d3504;d77b48706417b6ef0f87773ca046ab68160e8d1152ff9ccb4678b0e60b5891f0;0.12;Gafgyt;56696;arm;1;1;1;e50ad2e5fd37d7d7231d61bd631bf1aca9d031a3;9f8ab30c5c01936e225240bcaa197534b40fdb3d1b4a3c0d4afc828bd5b8d7f4;0.08;Mirai;66692;arm;1;1;1;025
12f650ad8f51fd2023df910783daef16ce467413;16894889a533921af4094954dd4df418f152ac07a17a746dd68cd301d9d93434;0.24;;129523;arm;1;0;1;eeaaebdc57707d1f2df3e2c22d4cee89b161a814;76ba6747de35ec9b258c8091e9e912f6f19054432bcbd7f1ae7b8162bb28a5cc;0.2;Mirai;133907;arm;1;0;1;029
13dc91d511cc61d569d90291ec08275ad6ec3286;c38e4f9bccf4848862a52ddb58615689a53d783359232b93469f215aedb7715b;0.16;;56552;arm;1;0;1;28140091f2e654271bdb2120bd788ea9c43c7b8f;1a1103d0464ad6592d6a6188263a8128dbd834a88aaeafbe9b2f628b2332ce68;0.28;Mirai;125001;arm;1;0;1;022
13dc91d511cc61d569d90291ec08275ad6ec3286;c38e4f9bccf4848862a52ddb58615689a53d783359232b93469f215aedb7715b;0.16;;56552;arm;1;0;1;32e6d76ad16a77bbb8430c97d1975d68c5a6e301;424afdc4c4a5cb9360d96986aaa92161502ac3a61fb441cc20683c20553dd864;0.28;Mirai;125105;arm;1;0;1;022
13dc91d511cc61d569d90291ec08275ad6ec3286;c38e4f9bccf4848862a52ddb58615689a53d783359232b93469f215aedb7715b;0.16;;56552;arm;1;0;1;6971580197e762769506d61784052c3be0c72c09;9c0e9ec9a96b3c3a603491d015b27fa1ddc8fe2b1a35d0800c32f3e084479cbc;0.32;;122802;arm;1;0;1;024
13dc91d511cc61d569d90291ec08275ad6ec3286;c38e4f9bccf4848862a52ddb58615689a53d783359232b93469f215aedb7715b;0.16;;56552;arm;1;0;1;917c3858de2ca7e87cf2708bbb09196659daeac6;7efec538c4d74bc8dca846a2b152928a56a0a9cf81c932d629ece2981efbc39e;0.32;Mirai;122818;arm;1;0;1;022
13dc91d511cc61d569d90291ec08275ad6ec3286;c38e4f9bccf4848862a52ddb58615689a53d783359232b93469f215aedb7715b;0.16;;56552;arm;1;0;1;a94f3c3401c820128e8226de776992da931564ef;a4db34b74502705e5b9b2e9e8609a1b701dac174f009534f4e2d1d9e1f9eb70a;0.28;Mirai;125049;arm;1;0;1;022
13dc91d511cc61d569d90291ec08275ad6ec3286;c38e4f9bccf4848862a52ddb58615689a53d783359232b93469f215aedb7715b;0.16;;56552;arm;1;0;1;cf709e1ce75636f71278581c60e8a8d794c91ad4;4ee019c451f7fc61c01862026e2871fee0a02ac3e8d7b4527cb8fa957390e479;0.32;;122818;arm;1;0;1;022
13dc91d511cc61d569d90291ec08275ad6ec3286;c38e4f9bccf4848862a52ddb58615689a53d783359232b93469f215aedb7715b;0.16;;56552;arm;1;0;1;d93614f124407a36cf512ee642ac013136eab6ab;c7525c8a235209947e66aa8b575fce098371318659a61be106dd145bb9911a62;0.32;;122818;arm;1;0;1;022
13dc91d511cc61d569d90291ec08275ad6ec3286;c38e4f9bccf4848862a52ddb58615689a53d783359232b93469f215aedb7715b;0.16;;56552;arm;1;0;1;f4a614208972d7187f4e230acd2a0f6ecbfea895;c2ca43557839756e12c6fda599dd4117f3b8bba851b18ec80344f0d11e8b1687;0.28;Mirai;125113;arm;1;0;1;022
14e51f43c9cc58b53e5c86b7c0fd947588c8a963;fca83b6ad861f91f294f31690180fb3b5c4967ac7fab8ddad5fd2bf3dedbf490;0.72;Gafgyt;143285;arm;1;0;1;4b2d9e7e8b696edcf0182f7e7095d977e47cd4fe;66d194f6fbda5eb25b61a57f10e5938c6f3d613094ae2140132d12965ba76843;0.76;Gafgyt;136067;arm;1;0;1;054
14e51f43c9cc58b53e5c86b7c0fd947588c8a963;fca83b6ad861f91f294f31690180fb3b5c4967ac7fab8ddad5fd2bf3dedbf490;0.72;Gafgyt;143285;arm;1;0;1;642ab295f9193c6897a289c96ba4112648e271b3;8d65f2fde604744309a86da228daed41b1c3a674d007bd1e2b033a98ed61322f;0.76;Gafgyt;108944;arm;1;0;1;069
14e51f43c9cc58b53e5c86b7c0fd947588c8a963;fca83b6ad861f91f294f31690180fb3b5c4967ac7fab8ddad5fd2bf3dedbf490;0.72;Gafgyt;143285;arm;1;0;1;6ca97e1e4468d4b81ff8e076fa76789871181f7a;7f9fddcd93b3010d0a10e230b782ffa26df21fa6c76f254b93c94a7d79b834b5;0.76;;108944;arm;1;0;1;070
14e51f43c9cc58b53e5c86b7c0fd947588c8a963;fca83b6ad861f91f294f31690180fb3b5c4967ac7fab8ddad5fd2bf3dedbf490;0.72;Gafgyt;143285;arm;1;0;1;f9a5aa0f149a95c87ba17de90b34e65ab537b49f;139e22c79d659fddfc8efe299f59d8589ca8e04ff0a22a5c150bd1b54e2ca93f;0.76;Gafgyt;108966;arm;1;0;1;061
16b95df50baa1b781eb71ac39dac7f587301dff9;1fce496a41719fd712a877d048e4400b210867e3ea999c732827f631e46abef2;0.44;Tsunami;63132;arm;1;1;1;23460027e655350430bfe470e32ba878fe37fec1;dada6246acb3b5e958b19c2a5c3fb9026a65941502627134651f1e88c310373f;0.48;Tsunami;67108;arm;1;1;1;020
16b95df50baa1b781eb71ac39dac7f587301dff9;1fce496a41719fd712a877d048e4400b210867e3ea999c732827f631e46abef2;0.44;Tsunami;63132;arm;1;1;1;fbbedece647b89933fc60555fe75ffeb933730dc;a2508e96bb06e5a09ca552718f717db2fb3f88a9505d0487305d86c6930378a7;0.48;Tsunami;67564;arm;1;1;1;020
18ccd2742c877e601e9c39ed33c49da3e7a430f2;e0c4e96c92305a7c9d93dd0fd270dd00f3f1b6d9d8c0dcce126c66931c0310aa;0.08;Mirai;67488;mips;1;1;1;4fb3eec528dbd204326cc9f3352be31549a8afe7;115aeef3661c1f036b8f21d9ff4391e99ccbeb46cabc3dedc18d28c0a80cfdc7;0.04;Mirai;71584;mips;1;1;1;031
18ccd2742c877e601e9c39ed33c49da3e7a430f2;e0c4e96c92305a7c9d93dd0fd270dd00f3f1b6d9d8c0dcce126c66931c0310aa;0.08;Mirai;67488;mips;1;1;1;8d27b3a01b9fe8dadadc3c19f9fc8d118ee3b6f9;726f2fcea03d4f5d4cbf4fc9a2416b1481d053895494d1b61d3a3ea7d9acc0c2;0.04;Mirai;71584;mips;1;1;1;031
18ccd2742c877e601e9c39ed33c49da3e7a430f2;e0c4e96c92305a7c9d93dd0fd270dd00f3f1b6d9d8c0dcce126c66931c0310aa;0.08;Mirai;67488;mips;1;1;1;d572a26f0b206039a952eda8506389a4e2327098;0eba526343e9fdc1e7b16832bfa5c9c95776e8772c074c65e196130ef35890ce;0.12;;29176;mips;1;0;1;031
18ccd2742c877e601e9c39ed33c49da3e7a430f2;e0c4e96c92305a7c9d93dd0fd270dd00f3f1b6d9d8c0dcce126c66931c0310aa;0.08;Mirai;67488;mips;1;1;1;d90c2121c695a0e87e001227e4c9e81079792179;74260693f49d1be7a4b592c286ffa560afab6fdea1aa1d0fa028edfb661ed799;0.04;Mirai;71584;mips;1;1;1;031
18d4be0d1f9912629496204aea273914d609a4e9;1ef5ad66013686051c12a76c8710e05c74f7bf6933b3e23ed461f8be33f90d75;0.48;Gafgyt;114023;arm;1;0;1;ca10c4fb3a821341c35e562caf940ca19e74efe1;84e161cc5fa47fd0358bbab91ade276880b3d370c8faa049f3fee0b1920e39dc;0.4;;80276;arm;1;1;1;043
18f56bbbe89d92bc5b75447e403c0b3468f7d399;69a6b23ab2a7ad599b641b6b66b458136c111957af941d750e2fc2ec9b3d5a57;0.44;Tsunami;67108;arm;1;1;1;23460027e655350430bfe470e32ba878fe37fec1;dada6246acb3b5e958b19c2a5c3fb9026a65941502627134651f1e88c310373f;0.48;Tsunami;67108;arm;1;1;1;020
19c47ad35897cc314d8aa967372a97c70fa1c45f;c60ee61ba0f05bf731999b0e6d1f7e01618d03798477f2306cad7f8a361b3332;0.48;;91632;arm;1;0;1;314dc656a17e7f9f9de55dbe334e5bb06fbd0f01;89d6a801488fd0438c5263f7430f781cb18b48062aed44262e2dacf27019ead6;0.4;;64348;arm;1;1;1;050
19c47ad35897cc314d8aa967372a97c70fa1c45f;c60ee61ba0f05bf731999b0e6d1f7e01618d03798477f2306cad7f8a361b3332;0.48;;91632;arm;1;0;1;406878ed724639f483bbb21bde0a327a7c6033ca;284f83737d482fef80ea394e39e1132f49e8bf4905f9c8fae29592623cbc9d53;0.4;;67460;arm;1;1;1;045
1cac592b28a2662969751bde58a631867187c837;2d8ba77b4fe40cae8fbc9c521441562a90e30dcd12070bab7095e29f60e69a74;0.68;Gafgyt;117596;arm;1;1;1;ec4bd414eaa6cccff7384d4f1ff66676dd37d6b1;38aab7abd2a2ab1d03b7d1ac696912e455ad2eb34e757c05055fc83d0dabbc31;0.8;;156659;arm;1;0;1;057
1d59f49bcaed166e6f75b6a5399aa5e26b6dd250;c084405ea9169736d9dd2c281ff91dd4a8db996af9e66db079873ee81e81b20b;0.08;Mirai;65088;mips;1;1;1;240dccd24f800421efca22ee0d32640674aa7d5a;d70d4eebe1e3ea5effc78c0e42810c1e23f0448e2b3aa29292ea1918eef96824;0.04;Mirai;68160;mips;1;1;1;029
1d59f49bcaed166e6f75b6a5399aa5e26b6dd250;c084405ea9169736d9dd2c281ff91dd4a8db996af9e66db079873ee81e81b20b;0.08;Mirai;65088;mips;1;1;1;4292b8f3d0d079c5dae286f3545d089d91725b0c;5a69c5fe5f2c7b5fd499307924af780462538c2602b05642e69166a558dcad50;0.04;Mirai;68256;mips;1;1;1;029
1d59f49bcaed166e6f75b6a5399aa5e26b6dd250;c084405ea9169736d9dd2c281ff91dd4a8db996af9e66db079873ee81e81b20b;0.08;Mirai;65088;mips;1;1;1;473cc947c3660aa94cfcc53f990d0cb99a8488e3;1727313b3a7e1a7cacd8ef6a7415f21c41fc7919c0a0a851f06ef32e8d926205;0.04;Mirai;68112;mips;1;1;1;028
1d59f49bcaed166e6f75b6a5399aa5e26b6dd250;c084405ea9169736d9dd2c281ff91dd4a8db996af9e66db079873ee81e81b20b;0.08;Mirai;65088;mips;1;1;1;c826532f346902cf46186d3b05ba7a71628a86f1;74dfd6b7291a72437a38035eb4cd965701c8823ccc7a93e25dfc640a60fe4403;0.12;;28268;mips;1;0;1;028
1d59f49bcaed166e6f75b6a5399aa5e26b6dd250;c084405ea9169736d9dd2c281ff91dd4a8db996af9e66db079873ee81e81b20b;0.08;Mirai;65088;mips;1;1;1;e456c95b0b33d44bbb805abf05dff7957119d021;4b3a4ee68c76b3090102c23d929765cac1e4cb0f5d03aa4aa7e47ac42ee78ed4;0.04;Mirai;68240;mips;1;1;1;028
1e6fa1647ab9b3da6ab26fb96325897ca925395d;0ec83b249bb6e961cf29c4b93f0d809a2ee8ea610a267efef496519f6221be32;0.44;Tsunami;67204;ppc;1;1;1;4022ddf23ae3816f2038b4fbde6186f6c6b593b8;9a9d5648c13817a3284a7e7a0fb02bcc9f3b8808b2b8e4a3fa6f209ca0a2dcc4;0.4;Tsunami;67204;ppc;1;1;1;021
1e6fa1647ab9b3da6ab26fb96325897ca925395d;0ec83b249bb6e961cf29c4b93f0d809a2ee8ea610a267efef496519f6221be32;0.44;Tsunami;67204;ppc;1;1;1;bb1f4d1534ed7c4c43b97ef99fae4910a985fc6a;6915f0e4617fdd105a0a345c8293dfe8e8fff702e20cf05a6c721d902bf76f1d;0.4;Tsunami;67204;ppc;1;1;1;021
22e9747e5e945932542b68d812ef5e2faaf445cf;bede073b69aa3fd0ba6dbcc784c8bafa0c302835b49d5044d09bc72df78746b4;0.48;;85270;ppc;1;0;1;2416a8e3a458849ea94ce379a4fe3a6bc0bd2b4d;b3d19cf2da4acf478e770f38b9ad33acdceca8790d03e3d93e955c038b31538d;0.4;;65476;ppc;1;1;1;043
22e9747e5e945932542b68d812ef5e2faaf445cf;bede073b69aa3fd0ba6dbcc784c8bafa0c302835b49d5044d09bc72df78746b4;0.48;;85270;ppc;1;0;1;8216e5f8fe008d16da7ab535f9eb9deec5c163d9;a313558ace778632dc23f862eeb70b53f1703b477817e70a485f00725028e12d;0.4;;65476;ppc;1;1;1;029
240dccd24f800421efca22ee0d32640674aa7d5a;d70d4eebe1e3ea5effc78c0e42810c1e23f0448e2b3aa29292ea1918eef96824;0.04;Mirai;68160;mips;1;1;1;2b2339f4a4cd623681135596e9ba8ce32c780287;d9a6703f5a09ee2fd7a7ffe389208b6d8af7b935fbc189fe840c114a0764ec68;0.08;;65088;mips;1;1;1;028
240dccd24f800421efca22ee0d32640674aa7d5a;d70d4eebe1e3ea5effc78c0e42810c1e23f0448e2b3aa29292ea1918eef96824;0.04;Mirai;68160;mips;1;1;1;7738be78619d4db96000d256fcfd5b54b6ed9f60;1d2d1c4a95ef45b4e181fb6929869bf02945f6a3450182d7cbd8a60b4b4647e4;0.08;;65088;mips;1;1;1;029
240dccd24f800421efca22ee0d32640674aa7d5a;d70d4eebe1e3ea5effc78c0e42810c1e23f0448e2b3aa29292ea1918eef96824;0.04;Mirai;68160;mips;1;1;1;9754663577b2c3801f83cff9aa6f5ef0aeeb2966;13700e6d8c861016057881b568b9661fea596bbed508c1995594196ff3a08e9b;0.08;;65088;mips;1;1;1;028
240dccd24f800421efca22ee0d32640674aa7d5a;d70d4eebe1e3ea5effc78c0e42810c1e23f0448e2b3aa29292ea1918eef96824;0.04;Mirai;68160;mips;1;1;1;c826532f346902cf46186d3b05ba7a71628a86f1;74dfd6b7291a72437a38035eb4cd965701c8823ccc7a93e25dfc640a60fe4403;0.12;;28268;mips;1;0;1;034
2416a8e3a458849ea94ce379a4fe3a6bc0bd2b4d;b3d19cf2da4acf478e770f38b9ad33acdceca8790d03e3d93e955c038b31538d;0.4;;65476;ppc;1;1;1;5fb87d5195a5b4e726e87558ec091c67f529d818;2138c5af5201c2032151f0473debba3ae1abe9068d78bf2ff1aad319f7e265b7;0.48;;85270;ppc;1;0;1;043
245334c0b0398a1777986ae79d282a0b941e77f9;b5d59b9c620219ff9e4888ca72a8c3cb63378f6d48d7b16fa8b978f7800c5810;0.08;;67488;mips;1;1;1;4fb3eec528dbd204326cc9f3352be31549a8afe7;115aeef3661c1f036b8f21d9ff4391e99ccbeb46cabc3dedc18d28c0a80cfdc7;0.04;Mirai;71584;mips;1;1;1;031
245334c0b0398a1777986ae79d282a0b941e77f9;b5d59b9c620219ff9e4888ca72a8c3cb63378f6d48d7b16fa8b978f7800c5810;0.08;;67488;mips;1;1;1;8d27b3a01b9fe8dadadc3c19f9fc8d118ee3b6f9;726f2fcea03d4f5d4cbf4fc9a2416b1481d053895494d1b61d3a3ea7d9acc0c2;0.04;Mirai;71584;mips;1;1;1;031
245334c0b0398a1777986ae79d282a0b941e77f9;b5d59b9c620219ff9e4888ca72a8c3cb63378f6d48d7b16fa8b978f7800c5810;0.08;;67488;mips;1;1;1;d572a26f0b206039a952eda8506389a4e2327098;0eba526343e9fdc1e7b16832bfa5c9c95776e8772c074c65e196130ef35890ce;0.12;;29176;mips;1;0;1;031
245334c0b0398a1777986ae79d282a0b941e77f9;b5d59b9c620219ff9e4888ca72a8c3cb63378f6d48d7b16fa8b978f7800c5810;0.08;;67488;mips;1;1;1;d90c2121c695a0e87e001227e4c9e81079792179;74260693f49d1be7a4b592c286ffa560afab6fdea1aa1d0fa028edfb661ed799;0.04;Mirai;71584;mips;1;1;1;031
28140091f2e654271bdb2120bd788ea9c43c7b8f;1a1103d0464ad6592d6a6188263a8128dbd834a88aaeafbe9b2f628b2332ce68;0.28;Mirai;125001;arm;1;0;1;6971580197e762769506d61784052c3be0c72c09;9c0e9ec9a96b3c3a603491d015b27fa1ddc8fe2b1a35d0800c32f3e084479cbc;0.32;;122802;arm;1;0;1;023
28140091f2e654271bdb2120bd788ea9c43c7b8f;1a1103d0464ad6592d6a6188263a8128dbd834a88aaeafbe9b2f628b2332ce68;0.28;Mirai;125001;arm;1;0;1;917c3858de2ca7e87cf2708bbb09196659daeac6;7efec538c4d74bc8dca846a2b152928a56a0a9cf81c932d629ece2981efbc39e;0.32;Mirai;122818;arm;1;0;1;023
28140091f2e654271bdb2120bd788ea9c43c7b8f;1a1103d0464ad6592d6a6188263a8128dbd834a88aaeafbe9b2f628b2332ce68;0.28;Mirai;125001;arm;1;0;1;cf709e1ce75636f71278581c60e8a8d794c91ad4;4ee019c451f7fc61c01862026e2871fee0a02ac3e8d7b4527cb8fa957390e479;0.32;;122818;arm;1;0;1;023
28140091f2e654271bdb2120bd788ea9c43c7b8f;1a1103d0464ad6592d6a6188263a8128dbd834a88aaeafbe9b2f628b2332ce68;0.28;Mirai;125001;arm;1;0;1;d93614f124407a36cf512ee642ac013136eab6ab;c7525c8a235209947e66aa8b575fce098371318659a61be106dd145bb9911a62;0.32;;122818;arm;1;0;1;023
2a8dc05cca7da24e5feb3b00bffaeeafc069891a;f7b9bfd9921f07b3acdef02d18d58038715b5bcbcefd556ac6ac220005db5c9e;0.56;Tsunami;115159;arm;1;0;1;5168c01600b33aaf26e1923f58551675425b77d4;49275903d974085ad283fb36351ca3caf924b5539d768d9a5db5bd80dc0bb15f;0.48;Tsunami;78140;arm;1;1;1;025
2a8dc05cca7da24e5feb3b00bffaeeafc069891a;f7b9bfd9921f07b3acdef02d18d58038715b5bcbcefd556ac6ac220005db5c9e;0.56;Tsunami;115159;arm;1;0;1;a8e39be1a67fd03f8252a72c7b27f9b6e018e2d9;9eb890b3d52b29235fc518eceec1bce0f81b35058f9a0ccdf737f8a8612b6294;0.6;Tsunami;115130;arm;1;0;1;089
2b2339f4a4cd623681135596e9ba8ce32c780287;d9a6703f5a09ee2fd7a7ffe389208b6d8af7b935fbc189fe840c114a0764ec68;0.08;;65088;mips;1;1;1;4292b8f3d0d079c5dae286f3545d089d91725b0c;5a69c5fe5f2c7b5fd499307924af780462538c2602b05642e69166a558dcad50;0.04;Mirai;68256;mips;1;1;1;029
2b2339f4a4cd623681135596e9ba8ce32c780287;d9a6703f5a09ee2fd7a7ffe389208b6d8af7b935fbc189fe840c114a0764ec68;0.08;;65088;mips;1;1;1;473cc947c3660aa94cfcc53f990d0cb99a8488e3;1727313b3a7e1a7cacd8ef6a7415f21c41fc7919c0a0a851f06ef32e8d926205;0.04;Mirai;68112;mips;1;1;1;028
2b2339f4a4cd623681135596e9ba8ce32c780287;d9a6703f5a09ee2fd7a7ffe389208b6d8af7b935fbc189fe840c114a0764ec68;0.08;;65088;mips;1;1;1;c826532f346902cf46186d3b05ba7a71628a86f1;74dfd6b7291a72437a38035eb4cd965701c8823ccc7a93e25dfc640a60fe4403;0.12;;28268;mips;1;0;1;028
2b2339f4a4cd623681135596e9ba8ce32c780287;d9a6703f5a09ee2fd7a7ffe389208b6d8af7b935fbc189fe840c114a0764ec68;0.08;;65088;mips;1;1;1;e456c95b0b33d44bbb805abf05dff7957119d021;4b3a4ee68c76b3090102c23d929765cac1e4cb0f5d03aa4aa7e47ac42ee78ed4;0.04;Mirai;68240;mips;1;1;1;027
314dc656a17e7f9f9de55dbe334e5bb06fbd0f01;89d6a801488fd0438c5263f7430f781cb18b48062aed44262e2dacf27019ead6;0.4;;64348;arm;1;1;1;70374ef5f0c1edc2218bf2d8e6f5710a98a039ba;ff2751d7ebc45bc6f0db4460fc72aacad7cbc6ef38ad88de2285d955a5a7aea2;0.48;;98194;arm;1;0;1;042
314dc656a17e7f9f9de55dbe334e5bb06fbd0f01;89d6a801488fd0438c5263f7430f781cb18b48062aed44262e2dacf27019ead6;0.4;;64348;arm;1;1;1;8b181f44a7d09607396b71efb5a3838fba2211c2;3b0546a848f3ae1d193fbe8cc5165c173e4ef89a140260aaad8c0c4701e5a048;0.48;;98194;arm;1;0;1;043
314dc656a17e7f9f9de55dbe334e5bb06fbd0f01;89d6a801488fd0438c5263f7430f781cb18b48062aed44262e2dacf27019ead6;0.4;;64348;arm;1;1;1;e547439f87a48e056264fc296d611886fe79c576;c54e189727da3e19497808bed747bfa3c2931ba57c1e4884552980f0ecdcad55;0.48;;91632;arm;1;0;1;050
32e6d76ad16a77bbb8430c97d1975d68c5a6e301;424afdc4c4a5cb9360d96986aaa92161502ac3a61fb441cc20683c20553dd864;0.28;Mirai;125105;arm;1;0;1;6971580197e762769506d61784052c3be0c72c09;9c0e9ec9a96b3c3a603491d015b27fa1ddc8fe2b1a35d0800c32f3e084479cbc;0.32;;122802;arm;1;0;1;023
32e6d76ad16a77bbb8430c97d1975d68c5a6e301;424afdc4c4a5cb9360d96986aaa92161502ac3a61fb441cc20683c20553dd864;0.28;Mirai;125105;arm;1;0;1;917c3858de2ca7e87cf2708bbb09196659daeac6;7efec538c4d74bc8dca846a2b152928a56a0a9cf81c932d629ece2981efbc39e;0.32;Mirai;122818;arm;1;0;1;023
32e6d76ad16a77bbb8430c97d1975d68c5a6e301;424afdc4c4a5cb9360d96986aaa92161502ac3a61fb441cc20683c20553dd864;0.28;Mirai;125105;arm;1;0;1;cf709e1ce75636f71278581c60e8a8d794c91ad4;4ee019c451f7fc61c01862026e2871fee0a02ac3e8d7b4527cb8fa957390e479;0.32;;122818;arm;1;0;1;023
32e6d76ad16a77bbb8430c97d1975d68c5a6e301;424afdc4c4a5cb9360d96986aaa92161502ac3a61fb441cc20683c20553dd864;0.28;Mirai;125105;arm;1;0;1;d93614f124407a36cf512ee642ac013136eab6ab;c7525c8a235209947e66aa8b575fce098371318659a61be106dd145bb9911a62;0.32;;122818;arm;1;0;1;023
36eae9b881af69cb92e1129608866825085742be;7a5c806a6d967ac494a50b90876e03ead25ac7820282b7756369987bb3b48586;0.08;Mirai;48164;ppc;1;1;1;45e1d9f0a897a810f933dc504dbd5afe8de82bb0;335df39ed535dc66807744afe18e9b00f0e7f9d5bab7d1d24dbaaa4ccc9a1d53;0.04;Mirai;50420;ppc;1;1;1;029
36eae9b881af69cb92e1129608866825085742be;7a5c806a6d967ac494a50b90876e03ead25ac7820282b7756369987bb3b48586;0.08;Mirai;48164;ppc;1;1;1;8938d0a4bfb402306bfa58d94496c7943550c52e;5e88aadc4ed8b384e6a59fc3856eb03b508885731aee5301a4f025314cd446af;0.04;Mirai;50220;ppc;1;1;1;025
36eae9b881af69cb92e1129608866825085742be;7a5c806a6d967ac494a50b90876e03ead25ac7820282b7756369987bb3b48586;0.08;Mirai;48164;ppc;1;1;1;8bcdac7f0febdcafc98b483541fb99644025683a;41257a3e859826d8d3a434b02f198ea8e216557d8e61aaf6dfc25dc7785d0609;0.04;Mirai;50300;ppc;1;1;1;025
36eae9b881af69cb92e1129608866825085742be;7a5c806a6d967ac494a50b90876e03ead25ac7820282b7756369987bb3b48586;0.08;Mirai;48164;ppc;1;1;1;95d242bac6b16198712fad29e4b5ff9e3e25cf30;c475fd2c1781f02113a6af8a09ee21d6a9cfb37df43f3fabe1ce1243e5c529f1;0.04;Mirai;50364;ppc;1;1;1;027
37fe9f537d79093645b8103f3a9924ded295f6bf;be96538bbac20ebcca6fe030b34b02c7e0d74bf3bbd2c629a782c1cf6a62242e;0.32;;75561;arm;1;0;1;44a1d9f3017e6da8a2af7cb316cdfbc3c98062fb;ebb97c285b3bb2733755e344588e8d60ffe84c119f59442d9ee7a120f3a3d022;0.28;Gafgyt;82127;arm;1;0;1;076
37fe9f537d79093645b8103f3a9924ded295f6bf;be96538bbac20ebcca6fe030b34b02c7e0d74bf3bbd2c629a782c1cf6a62242e;0.32;;75561;arm;1;0;1;be7794391ed7676f58fb1142fb05351a4f8042e1;72f924b5f15e807da2b3272fb2803559853b1efffd6157e6cefd7439a6e61973;0.28;;82131;arm;1;0;1;081
3a0ac3b736c86424c61dff99aa70c5b4cf230225;8dd4c4348f17adc55e703207b7863b8d6d034385ac0efb96426f9675f9e24a15;0.8;;113334;x86;1;0;1;56e9c5e50a03b12f73a19bb00bb60062eddac02e;d36bde9e75a35947018533385bf38e8015beb6acfcd9bfb2224d53c370ddb327;0.68;Gafgyt;88688;x86;1;1;1;038
3d527332ebb97e6df591331ef0a1f9c82e104a6d;136eafa4c4b5548575f198df64cff89e2779fe6e4e80fba9ba4cdcc1bcc6e6a9;0.12;Mirai;75680;mips;1;1;1;67e000098151c0a982d6bac879eda53b38191a83;7dc4ba916b23d0fa73b3d9b9797218ec8fb0440a424ed67d5cd1a566487b4803;0.08;Mirai;75680;mips;1;1;0;069
4022ddf23ae3816f2038b4fbde6186f6c6b593b8;9a9d5648c13817a3284a7e7a0fb02bcc9f3b8808b2b8e4a3fa6f209ca0a2dcc4;0.4;Tsunami;67204;ppc;1;1;1;73edfe46ffad4274c4636357f15e546efccb0e41;1059ad23e73a7fee7e7a40d78a07bb8124274328c73c2ab76d7300fcc6643af1;0.44;Tsunami;67204;ppc;1;1;1;020
404ad141b20ff5948937b6b35e118ba3ace279ed;10385eaea016bdad353876935b049e25d869b90d7051b1c1a6a8305c2bdc9df5;0.52;;152314;x86;1;0;1;858dbf566e44f0e2df4b43dc28acd78d009f554f;2a8bcb3bf728bf565321230c74cab3b401b029fabb9c4af62ed6032c94023697;0.48;Tsunami;152375;x86;1;0;1;054
406878ed724639f483bbb21bde0a327a7c6033ca;284f83737d482fef80ea394e39e1132f49e8bf4905f9c8fae29592623cbc9d53;0.4;;67460;arm;1;1;1;70374ef5f0c1edc2218bf2d8e6f5710a98a039ba;ff2751d7ebc45bc6f0db4460fc72aacad7cbc6ef38ad88de2285d955a5a7aea2;0.48;;98194;arm;1;0;1;052
406878ed724639f483bbb21bde0a327a7c6033ca;284f83737d482fef80ea394e39e1132f49e8bf4905f9c8fae29592623cbc9d53;0.4;;67460;arm;1;1;1;8b181f44a7d09607396b71efb5a3838fba2211c2;3b0546a848f3ae1d193fbe8cc5165c173e4ef89a140260aaad8c0c4701e5a048;0.48;;98194;arm;1;0;1;052
406878ed724639f483bbb21bde0a327a7c6033ca;284f83737d482fef80ea394e39e1132f49e8bf4905f9c8fae29592623cbc9d53;0.4;;67460;arm;1;1;1;e547439f87a48e056264fc296d611886fe79c576;c54e189727da3e19497808bed747bfa3c2931ba57c1e4884552980f0ecdcad55;0.48;;91632;arm;1;0;1;045
4089099f2b1bcd44bb6d4507af10ef9a14cecd15;dd7d9b13b7c8895542211038cc6e18c9590f9c758cdf5069ebf5ae84c046713a;0.52;Tsunami;233276;mips;1;0;1;a32c6bb67ca1f8e9599fa4654bca4162ce77a3d5;b6763fa0b20f5d60d5369b88f5a7b084b85d1e447009194fd68158d83f0017c9;0.48;Tsunami;233305;mips;1;0;1;076
4292b8f3d0d079c5dae286f3545d089d91725b0c;5a69c5fe5f2c7b5fd499307924af780462538c2602b05642e69166a558dcad50;0.04;Mirai;68256;mips;1;1;1;7738be78619d4db96000d256fcfd5b54b6ed9f60;1d2d1c4a95ef45b4e181fb6929869bf02945f6a3450182d7cbd8a60b4b4647e4;0.08;;65088;mips;1;1;1;029
4292b8f3d0d079c5dae286f3545d089d91725b0c;5a69c5fe5f2c7b5fd499307924af780462538c2602b05642e69166a558dcad50;0.04;Mirai;68256;mips;1;1;1;9754663577b2c3801f83cff9aa6f5ef0aeeb2966;13700e6d8c861016057881b568b9661fea596bbed508c1995594196ff3a08e9b;0.08;;65088;mips;1;1;1;029
4292b8f3d0d079c5dae286f3545d089d91725b0c;5a69c5fe5f2c7b5fd499307924af780462538c2602b05642e69166a558dcad50;0.04;Mirai;68256;mips;1;1;1;c826532f346902cf46186d3b05ba7a71628a86f1;74dfd6b7291a72437a38035eb4cd965701c8823ccc7a93e25dfc640a60fe4403;0.12;;28268;mips;1;0;1;033
44a1d9f3017e6da8a2af7cb316cdfbc3c98062fb;ebb97c285b3bb2733755e344588e8d60ffe84c119f59442d9ee7a120f3a3d022;0.28;Gafgyt;82127;arm;1;0;1;ad34b8695a4307c1a92d651b92d0dd8f70660b90;eaa05f0e18bbb0c5c6eae6c0311dcb31d11eb00ae2fc2dad7c868d7aca0f14b3;0.32;Gafgyt;75557;arm;1;0;1;076
45e1d9f0a897a810f933dc504dbd5afe8de82bb0;335df39ed535dc66807744afe18e9b00f0e7f9d5bab7d1d24dbaaa4ccc9a1d53;0.04;Mirai;50420;ppc;1;1;1;4db7a4cdafc0b0c840713e6077adcff6b66f19e1;ebf55e5dba458c1b9f349377142a70972b48f7c38315501d17931ce4a27afa53;0.08;;48164;ppc;1;1;1;029
45e1d9f0a897a810f933dc504dbd5afe8de82bb0;335df39ed535dc66807744afe18e9b00f0e7f9d5bab7d1d24dbaaa4ccc9a1d53;0.04;Mirai;50420;ppc;1;1;1;6dea3106a901a13b10e3bfffd770647c79254bf9;5f7ee36e6f507f1f8e0419cb113cfc6d138e6bda2a336f147ad33d6c8ec68420;0.08;;48164;ppc;1;1;1;028
45e1d9f0a897a810f933dc504dbd5afe8de82bb0;335df39ed535dc66807744afe18e9b00f0e7f9d5bab7d1d24dbaaa4ccc9a1d53;0.04;Mirai;50420;ppc;1;1;1;b417800fbf8a2f682050cffac5c996e697166b1c;50311fe1df9554a7e49a531663e00062477bd7c5f0348d1fb6d03dbc797c6953;0.08;;24560;ppc;1;0;1;030
45e1d9f0a897a810f933dc504dbd5afe8de82bb0;335df39ed535dc66807744afe18e9b00f0e7f9d5bab7d1d24dbaaa4ccc9a1d53;0.04;Mirai;50420;ppc;1;1;1;da29e174f9eab31d007219b3eafbf3b8c99cd6e8;c7197da654afc7549dd125f7d0f18777e4333b32f6573659d367314211d0a980;0.08;;48164;ppc;1;1;1;028
46bb0a9597ef1a30309efb361ae701c422f91a69;918a3b38853e4557c003308e22f4251c1098f072ccb762925141d95c3c6670ac;0.04;Mirai;53012;arm;1;1;1;6c5a615cd2361c7b557f2fe015631d6d1272bef7;18f429233b60e7cedf0e9fe944885ea6ae8d2ed41f38d786611f4891624cdf1d;0.08;Mirai;26588;arm;1;0;1;031
46bb0a9597ef1a30309efb361ae701c422f91a69;918a3b38853e4557c003308e22f4251c1098f072ccb762925141d95c3c6670ac;0.04;Mirai;53012;arm;1;1;1;babbb38fabe5aa0cbb2fe9f24d041c87f65b99f3;f7dcf4c8f3d95a0386f4a4928e50c0857e46de4155ff09bec7a24ae3d935e158;0.08;Mirai;50928;arm;1;1;1;031
46bb0a9597ef1a30309efb361ae701c422f91a69;918a3b38853e4557c003308e22f4251c1098f072ccb762925141d95c3c6670ac;0.04;Mirai;53012;arm;1;1;1;cbb3765cbe6557a29e57d2c81d4e39bc886d3dc1;6591d0e35ff250d441c87488c4f730ac690ca5a1330a787c3b2fe5c974eb0bf9;0.08;;50928;arm;1;1;1;031
46bb0a9597ef1a30309efb361ae701c422f91a69;918a3b38853e4557c003308e22f4251c1098f072ccb762925141d95c3c6670ac;0.04;Mirai;53012;arm;1;1;1;dbd029b481cd78fbbaa4a4e0663cc45c187eb4db;45597531c383e6e2f4f9e050798fcb6798ff66649f68453cd8e1cfd73180dcbe;0.08;;50928;arm;1;1;1;032
4715338c9a5985788dd1bf8977febd6ea2ce2ab8;0e4841ee4ace7e174fb5ad6a4697cdeb36fc50aed05737c6dafa322649e494ec;0.48;;71441;x86;1;0;1;de68e4e8404be3084f4c7859e8de2d0f13c1e648;6153f0fae969b39aeacd8dcae1dd8a69bcfff72bb0dd499b63f4d980bea5b088;0.4;;51884;x86;1;1;1;041
473cc947c3660aa94cfcc53f990d0cb99a8488e3;1727313b3a7e1a7cacd8ef6a7415f21c41fc7919c0a0a851f06ef32e8d926205;0.04;Mirai;68112;mips;1;1;1;7738be78619d4db96000d256fcfd5b54b6ed9f60;1d2d1c4a95ef45b4e181fb6929869bf02945f6a3450182d7cbd8a60b4b4647e4;0.08;;65088;mips;1;1;1;028
473cc947c3660aa94cfcc53f990d0cb99a8488e3;1727313b3a7e1a7cacd8ef6a7415f21c41fc7919c0a0a851f06ef32e8d926205;0.04;Mirai;68112;mips;1;1;1;9754663577b2c3801f83cff9aa6f5ef0aeeb2966;13700e6d8c861016057881b568b9661fea596bbed508c1995594196ff3a08e9b;0.08;;65088;mips;1;1;1;028
473cc947c3660aa94cfcc53f990d0cb99a8488e3;1727313b3a7e1a7cacd8ef6a7415f21c41fc7919c0a0a851f06ef32e8d926205;0.04;Mirai;68112;mips;1;1;1;c826532f346902cf46186d3b05ba7a71628a86f1;74dfd6b7291a72437a38035eb4cd965701c8823ccc7a93e25dfc640a60fe4403;0.12;;28268;mips;1;0;1;033
4af91377c14f894f1325f73cb639adcebf2e8a55;c2209358c0659bb3f337a5092cbab35770123d37e4e9a07b1b794958b578e976;0.4;;112178;mips;1;0;1;d8f6338ce10a8e727a29e0876c62ee292a500a6f;2034f3d0fed2f507f7f7ba66a342194709e7fb16b24eee05439e5cce5267aa03;0.36;;92456;mips;1;1;1;056
4b2d9e7e8b696edcf0182f7e7095d977e47cd4fe;66d194f6fbda5eb25b61a57f10e5938c6f3d613094ae2140132d12965ba76843;0.76;Gafgyt;136067;arm;1;0;1;5db8c01df0a1b620ccc0024ee463107860253478;bc89e70d9212db2bbc1c8279400dc8aa3adccbfc2572e8ae99fc7a89b2db746c;0.72;;115690;arm;1;0;1;067
4b2d9e7e8b696edcf0182f7e7095d977e47cd4fe;66d194f6fbda5eb25b61a57f10e5938c6f3d613094ae2140132d12965ba76843;0.76;Gafgyt;136067;arm;1;0;1;775eb0f3116d5dc690dca08be8e124c69a64edf0;d8b0dcc89b13614bf6d1924b8992ecf7dc143eef12f6d0c71f67c6a76e407c79;0.72;;115690;arm;1;0;1;066
4db7a4cdafc0b0c840713e6077adcff6b66f19e1;ebf55e5dba458c1b9f349377142a70972b48f7c38315501d17931ce4a27afa53;0.08;;48164;ppc;1;1;1;8938d0a4bfb402306bfa58d94496c7943550c52e;5e88aadc4ed8b384e6a59fc3856eb03b508885731aee5301a4f025314cd446af;0.04;Mirai;50220;ppc;1;1;1;025
4db7a4cdafc0b0c840713e6077adcff6b66f19e1;ebf55e5dba458c1b9f349377142a70972b48f7c38315501d17931ce4a27afa53;0.08;;48164;ppc;1;1;1;8bcdac7f0febdcafc98b483541fb99644025683a;41257a3e859826d8d3a434b02f198ea8e216557d8e61aaf6dfc25dc7785d0609;0.04;Mirai;50300;ppc;1;1;1;025
4db7a4cdafc0b0c840713e6077adcff6b66f19e1;ebf55e5dba458c1b9f349377142a70972b48f7c38315501d17931ce4a27afa53;0.08;;48164;ppc;1;1;1;95d242bac6b16198712fad29e4b5ff9e3e25cf30;c475fd2c1781f02113a6af8a09ee21d6a9cfb37df43f3fabe1ce1243e5c529f1;0.04;Mirai;50364;ppc;1;1;1;027
4fb3eec528dbd204326cc9f3352be31549a8afe7;115aeef3661c1f036b8f21d9ff4391e99ccbeb46cabc3dedc18d28c0a80cfdc7;0.04;Mirai;71584;mips;1;1;1;a0e1264efbad06856d773ccc9cfe4e4e0a434d17;bfd87ae72746c9521b6cfe7ba194049e364f25a110712e9732f5e88748adadff;0.08;;67488;mips;1;1;1;031
4fb3eec528dbd204326cc9f3352be31549a8afe7;115aeef3661c1f036b8f21d9ff4391e99ccbeb46cabc3dedc18d28c0a80cfdc7;0.04;Mirai;71584;mips;1;1;1;b13e3a57dd03eda7a6bc62347e03721bf67de4ae;901412baa54cbd6582490e383f2e29c59401ee787061b0b9e9d0ac318bd9f0bc;0.08;;67488;mips;1;1;1;031
4fb3eec528dbd204326cc9f3352be31549a8afe7;115aeef3661c1f036b8f21d9ff4391e99ccbeb46cabc3dedc18d28c0a80cfdc7;0.04;Mirai;71584;mips;1;1;1;d572a26f0b206039a952eda8506389a4e2327098;0eba526343e9fdc1e7b16832bfa5c9c95776e8772c074c65e196130ef35890ce;0.12;;29176;mips;1;0;1;035
4fdf64c6616f819cf490880e9e82b4462bb14a4d;187d6feb83bc6a1c2a819bc147cdf9cdbcffadce88f79722449497da6dd9bdc3;0.04;Mirai;54088;arm;1;1;1;6c5a615cd2361c7b557f2fe015631d6d1272bef7;18f429233b60e7cedf0e9fe944885ea6ae8d2ed41f38d786611f4891624cdf1d;0.08;Mirai;26588;arm;1;0;1;034
4fdf64c6616f819cf490880e9e82b4462bb14a4d;187d6feb83bc6a1c2a819bc147cdf9cdbcffadce88f79722449497da6dd9bdc3;0.04;Mirai;54088;arm;1;1;1;babbb38fabe5aa0cbb2fe9f24d041c87f65b99f3;f7dcf4c8f3d95a0386f4a4928e50c0857e46de4155ff09bec7a24ae3d935e158;0.08;Mirai;50928;arm;1;1;1;034
4fdf64c6616f819cf490880e9e82b4462bb14a4d;187d6feb83bc6a1c2a819bc147cdf9cdbcffadce88f79722449497da6dd9bdc3;0.04;Mirai;54088;arm;1;1;1;cbb3765cbe6557a29e57d2c81d4e39bc886d3dc1;6591d0e35ff250d441c87488c4f730ac690ca5a1330a787c3b2fe5c974eb0bf9;0.08;;50928;arm;1;1;1;034
4fdf64c6616f819cf490880e9e82b4462bb14a4d;187d6feb83bc6a1c2a819bc147cdf9cdbcffadce88f79722449497da6dd9bdc3;0.04;Mirai;54088;arm;1;1;1;dbd029b481cd78fbbaa4a4e0663cc45c187eb4db;45597531c383e6e2f4f9e050798fcb6798ff66649f68453cd8e1cfd73180dcbe;0.08;;50928;arm;1;1;1;034
509b577042372a9a1b8d430318528435165d99da;086d694b75d91e26dbd187b4fba9f15fcc5455b5975ab22e6184c5b8971397fc;0.4;;50636;x86;1;1;1;aae2c8177e45bcd53405b43815a3c208c9d519c2;5a4163d2a0704f87b265607087de02ab57b6be4dda2a89a05459b0a6134bbb7f;0.48;;70193;x86;1;0;1;042
509b577042372a9a1b8d430318528435165d99da;086d694b75d91e26dbd187b4fba9f15fcc5455b5975ab22e6184c5b8971397fc;0.4;;50636;x86;1;1;1;da3a2afcf2eaff155e88b2cb0eddef2d51174640;e8fab3dcaa572d7e5f66d32c91c6eb41e9ddb6cd348a90f5af16d6fe7879bb1a;0.48;;70193;x86;1;0;1;042
50bfb6e62a55fb0eb641966262c8b100613fa46d;cf9a89f864d404578b3410b0139ed0ab5bc92a0654db66778fd508d5e5697f32;0.72;;141695;arm;1;0;1;b950cc546bab248c5d1fc821c89d1a7a5273b35a;8bb5d0d249c53f378d17641778ceb2f57cc68506a5ce5eeaef6596742672e2b5;0.68;Gafgyt;101988;arm;1;1;1;040
50bfb6e62a55fb0eb641966262c8b100613fa46d;cf9a89f864d404578b3410b0139ed0ab5bc92a0654db66778fd508d5e5697f32;0.72;;141695;arm;1;0;1;c112280957a16576571f97091fc73e094d2d509b;53a27d1ea05ea2539921c5a553381dfede7d703ec2978bffdc8a31834489e14a;0.64;Gafgyt;105156;arm;1;1;1;053
5168c01600b33aaf26e1923f58551675425b77d4;49275903d974085ad283fb36351ca3caf924b5539d768d9a5db5bd80dc0bb15f;0.48;Tsunami;78140;arm;1;1;1;a8e39be1a67fd03f8252a72c7b27f9b6e018e2d9;9eb890b3d52b29235fc518eceec1bce0f81b35058f9a0ccdf737f8a8612b6294;0.6;Tsunami;115130;arm;1;0;1;028
53396fea432f1db29fff049124ba5e986785e570;ef6056676584dc708dab830a85e8e8fc061fa0c3f0a16fd2ba9510b4228a1d00;0.24;Mirai;129523;arm;1;0;1;e525b59ef82e18677c17faba674e91895f6ec3e8;e3a4200de1f62775b6a7383fe490669ddc43f346aca42ad0f4ebcb2fdc4f7e96;0.2;Mirai;133826;arm;1;0;1;021
564ee75e74f60567a405c2a23d1473e89a07319d;960caabe1426c0268aa1b90e4113bac1d5ae46941e7165a82614d633357b9c8c;0.08;Gafgyt;47472;arm;1;1;1;9e0723a01e120c8b22ef1497f9bc2017ecc8f4c7;d9ea8d89f4abf0678108485b218af67ad94b519816786de925cc397506118393;0.04;;45896;arm;1;1;1;025
564ee75e74f60567a405c2a23d1473e89a07319d;960caabe1426c0268aa1b90e4113bac1d5ae46941e7165a82614d633357b9c8c;0.08;Gafgyt;47472;arm;1;1;1;abaf18f11c493fd28c92f4d65a53f8e3e04ccd8b;246bcead02f2871226d2d4f679e5834b0f54bde33c386e1e93f4f3e9103db9d1;0.04;;48448;arm;1;1;1;034
5d0d26a6ada2af785f76e231c9106eecd921c663;6a002f1714002324045f1c6c62734681a1a90200f05c7e5ae4defad07fd0f902;0.08;;63372;mips;1;1;1;90396ba972167236486f43f84f9664e851db03fd;a03042666726258543bf6c8b19ad57aa0a588fcb8b31b551c442159f5c3e0f43;0.04;;72172;mips;1;1;1;023
5db8c01df0a1b620ccc0024ee463107860253478;bc89e70d9212db2bbc1c8279400dc8aa3adccbfc2572e8ae99fc7a89b2db746c;0.72;;115690;arm;1;0;1;642ab295f9193c6897a289c96ba4112648e271b3;8d65f2fde604744309a86da228daed41b1c3a674d007bd1e2b033a98ed61322f;0.76;Gafgyt;108944;arm;1;0;1;064
5db8c01df0a1b620ccc0024ee463107860253478;bc89e70d9212db2bbc1c8279400dc8aa3adccbfc2572e8ae99fc7a89b2db746c;0.72;;115690;arm;1;0;1;6ca97e1e4468d4b81ff8e076fa76789871181f7a;7f9fddcd93b3010d0a10e230b782ffa26df21fa6c76f254b93c94a7d79b834b5;0.76;;108944;arm;1;0;1;065
5db8c01df0a1b620ccc0024ee463107860253478;bc89e70d9212db2bbc1c8279400dc8aa3adccbfc2572e8ae99fc7a89b2db746c;0.72;;115690;arm;1;0;1;f9a5aa0f149a95c87ba17de90b34e65ab537b49f;139e22c79d659fddfc8efe299f59d8589ca8e04ff0a22a5c150bd1b54e2ca93f;0.76;Gafgyt;108966;arm;1;0;1;058
5fb87d5195a5b4e726e87558ec091c67f529d818;2138c5af5201c2032151f0473debba3ae1abe9068d78bf2ff1aad319f7e265b7;0.48;;85270;ppc;1;0;1;8216e5f8fe008d16da7ab535f9eb9deec5c163d9;a313558ace778632dc23f862eeb70b53f1703b477817e70a485f00725028e12d;0.4;;65476;ppc;1;1;1;029
60250c9141fad0809220866fa51e940e70390121;38b132905b2f1605034e86067a6b4a591c00654e31caed925363aaf5de9378b8;0.12;Mirai;75680;mips;1;1;1;67e000098151c0a982d6bac879eda53b38191a83;7dc4ba916b23d0fa73b3d9b9797218ec8fb0440a424ed67d5cd1a566487b4803;0.08;Mirai;75680;mips;1;1;0;070
611c68a28198f3a2dda58488f61ea31a336a7aa4;1c94e058ee511cb3efd56c6c12501957e4ed0c30edc7d82f8ef910db18002654;0.16;Mirai;42732;arm;0;1;1;9ed433d191375fbaa97c40c1bdcf250625060c3e;f6cf5c876e1ea2324957ffee02b4ba6f977c2f3ea24ba388d0770a62f83249a9;0.12;Mirai;42712;arm;0;1;1;049
611c68a28198f3a2dda58488f61ea31a336a7aa4;1c94e058ee511cb3efd56c6c12501957e4ed0c30edc7d82f8ef910db18002654;0.16;Mirai;42732;arm;0;1;1;d35f23989c136b6658bbfea9ab7d92fe88c802b2;ac6958661dd89fdf29746468c87d158698e6111daa05a7483816185f5ec54222;0.12;;49140;arm;0;1;1;055
611c68a28198f3a2dda58488f61ea31a336a7aa4;1c94e058ee511cb3efd56c6c12501957e4ed0c30edc7d82f8ef910db18002654;0.16;Mirai;42732;arm;0;1;1;f944ade9e5569606cf2864845634df9e81d8a164;454ffbdc593d3024e15e1f54ed39ce582c8c7c354bf2910bad5e10d5f09d3879;0.12;Mirai;44824;arm;0;1;1;053
628d1130ac05e4d7d3d173f42bbe87e7bb1a28e8;913480e459143782af558a5a263d007c45ce6591ccc286a68200752c21bb0cb8;0.16;Mirai;62596;arm;1;1;1;ffaa21c9ba6c25e15991903f813f609a5a302dcd;ea4ef5ae4d1ea74f321e0f6037a2f7b289779af2f5ccd54042a4814465a9f9d4;0.12;Mirai;66688;arm;1;1;1;023
642ab295f9193c6897a289c96ba4112648e271b3;8d65f2fde604744309a86da228daed41b1c3a674d007bd1e2b033a98ed61322f;0.76;Gafgyt;108944;arm;1;0;1;775eb0f3116d5dc690dca08be8e124c69a64edf0;d8b0dcc89b13614bf6d1924b8992ecf7dc143eef12f6d0c71f67c6a76e407c79;0.72;;115690;arm;1;0;1;064
65877054b95762dc4ee2f702518953f7fd3b3375;b4445ecea9048519f1073a8c91d35af4a746a51ef8b0aaccbaaa85ed36f006d4;0.48;;71441;x86;1;0;1;de68e4e8404be3084f4c7859e8de2d0f13c1e648;6153f0fae969b39aeacd8dcae1dd8a69bcfff72bb0dd499b63f4d980bea5b088;0.4;;51884;x86;1;1;1;042
6716b9753f8dcd47d4e637162de0873c7a9eaf48;bb8ec9473624f781cea3aa68a553611de5fa8441cdf45d57d216aeecde4310ad;0.04;Mirai;54088;arm;1;1;1;6c5a615cd2361c7b557f2fe015631d6d1272bef7;18f429233b60e7cedf0e9fe944885ea6ae8d2ed41f38d786611f4891624cdf1d;0.08;Mirai;26588;arm;1;0;1;032
6716b9753f8dcd47d4e637162de0873c7a9eaf48;bb8ec9473624f781cea3aa68a553611de5fa8441cdf45d57d216aeecde4310ad;0.04;Mirai;54088;arm;1;1;1;babbb38fabe5aa0cbb2fe9f24d041c87f65b99f3;f7dcf4c8f3d95a0386f4a4928e50c0857e46de4155ff09bec7a24ae3d935e158;0.08;Mirai;50928;arm;1;1;1;031
6716b9753f8dcd47d4e637162de0873c7a9eaf48;bb8ec9473624f781cea3aa68a553611de5fa8441cdf45d57d216aeecde4310ad;0.04;Mirai;54088;arm;1;1;1;cbb3765cbe6557a29e57d2c81d4e39bc886d3dc1;6591d0e35ff250d441c87488c4f730ac690ca5a1330a787c3b2fe5c974eb0bf9;0.08;;50928;arm;1;1;1;031
6716b9753f8dcd47d4e637162de0873c7a9eaf48;bb8ec9473624f781cea3aa68a553611de5fa8441cdf45d57d216aeecde4310ad;0.04;Mirai;54088;arm;1;1;1;dbd029b481cd78fbbaa4a4e0663cc45c187eb4db;45597531c383e6e2f4f9e050798fcb6798ff66649f68453cd8e1cfd73180dcbe;0.08;;50928;arm;1;1;1;031
677c8c38578771e700dd29225fb29015956012bb;ad6c65a70d964dbf7df00328596faeed4afa75ce9207fe153ec3bd3d8305e4dd;0.08;;63804;mips;1;1;1;90396ba972167236486f43f84f9664e851db03fd;a03042666726258543bf6c8b19ad57aa0a588fcb8b31b551c442159f5c3e0f43;0.04;;72172;mips;1;1;1;024
67e000098151c0a982d6bac879eda53b38191a83;7dc4ba916b23d0fa73b3d9b9797218ec8fb0440a424ed67d5cd1a566487b4803;0.08;Mirai;75680;mips;1;1;0;8a942db441285e8c668ca0d88db132a0d55b67bd;fca73e58f0fc346f719062982512c40508222ea762066bb1543727945eeb27b5;0.12;Mirai;75680;mips;1;1;1;069
67e000098151c0a982d6bac879eda53b38191a83;7dc4ba916b23d0fa73b3d9b9797218ec8fb0440a424ed67d5cd1a566487b4803;0.08;Mirai;75680;mips;1;1;0;c0706f23daa8812bd4cbb63a9a512f6064568e12;5076057533675d9ccc1ea9aadf0aaf75b99be3328853e494a86d5c57a28994de;0.12;Mirai;75680;mips;1;1;1;070
67e000098151c0a982d6bac879eda53b38191a83;7dc4ba916b23d0fa73b3d9b9797218ec8fb0440a424ed67d5cd1a566487b4803;0.08;Mirai;75680;mips;1;1;0;ee9dd371b7fb4a78adb3ac9335f9ed5d6d3220bc;cbb01a9a3349102e6b5147d519cf5673427450f262aa546ce859c116bcf7f13a;0.12;Mirai;80048;mips;1;1;1;029
68afe68dc036d1f163017741bc0e041ad28b939d;289cceeffaf88446b8de455e5d9cd67253857ba28331c8de0c725ee2397102c7;0.16;Mirai;59212;arm;1;1;1;ffaa21c9ba6c25e15991903f813f609a5a302dcd;ea4ef5ae4d1ea74f321e0f6037a2f7b289779af2f5ccd54042a4814465a9f9d4;0.12;Mirai;66688;arm;1;1;1;021
6947cef193eabaabc4713a1c1dabc9b77afa1174;0508cdb58c309fdacb26f3c5b86e845ae20c918eed47a9680fb0782f5a8abc34;0.32;Tsunami;93487;arm;1;0;1;a1eed9aecf20bc6c9a67635982cd87c1fac1fea0;f26ca5a407d074c6527f705db383a13c9a4d2d5ca6260bed157ee7bdc08a851e;0.4;Tsunami;85941;arm;1;0;1;055
6971580197e762769506d61784052c3be0c72c09;9c0e9ec9a96b3c3a603491d015b27fa1ddc8fe2b1a35d0800c32f3e084479cbc;0.32;;122802;arm;1;0;1;a94f3c3401c820128e8226de776992da931564ef;a4db34b74502705e5b9b2e9e8609a1b701dac174f009534f4e2d1d9e1f9eb70a;0.28;Mirai;125049;arm;1;0;1;023
6971580197e762769506d61784052c3be0c72c09;9c0e9ec9a96b3c3a603491d015b27fa1ddc8fe2b1a35d0800c32f3e084479cbc;0.32;;122802;arm;1;0;1;f4a614208972d7187f4e230acd2a0f6ecbfea895;c2ca43557839756e12c6fda599dd4117f3b8bba851b18ec80344f0d11e8b1687;0.28;Mirai;125113;arm;1;0;1;023
6a2e08f4e3bf4124accf9381ac92a7455b8dc50e;a771a3b6ecf913347db14d53cb9e87615518b1ee61d5793ab5da800056ac2b91;0.28;Mirai;55264;x86;1;1;1;8401ad5ea561f62c2e9092b5f3839f6f633797db;f7b1b8376556adc1852f99534d481d490c387cffabbd605bddb2ab129edf7fc7;0.2;Mirai;53920;x86;1;1;1;021
6a2e08f4e3bf4124accf9381ac92a7455b8dc50e;a771a3b6ecf913347db14d53cb9e87615518b1ee61d5793ab5da800056ac2b91;0.28;Mirai;55264;x86;1;1;1;9d6258095768b9aa9444c518061c33872b66488d;5e4d2123943054e3ae08649216ae5545d875f803f29d5912eece6cc363c2ee9f;0.2;Mirai;55872;x86;1;1;1;020
6a2e08f4e3bf4124accf9381ac92a7455b8dc50e;a771a3b6ecf913347db14d53cb9e87615518b1ee61d5793ab5da800056ac2b91;0.28;Mirai;55264;x86;1;1;1;dacb72b628b1e7b4b3a48a1694eb21154a8ba08c;4705732cfcf23d86c8a383af35cc2f3824758bbf9158f92b44a3e3b5250ec93f;0.2;Mirai;55840;x86;1;1;1;020
6c5a615cd2361c7b557f2fe015631d6d1272bef7;18f429233b60e7cedf0e9fe944885ea6ae8d2ed41f38d786611f4891624cdf1d;0.08;Mirai;26588;arm;1;0;1;b9e8de476a391aa41738356b1e44b746b1f9833d;143bd08a2b2f63125cc9c5d8771a1101a6570252ffefa62309e1a09e6ba9baf0;0.04;Mirai;54088;arm;1;1;1;036
6ca97e1e4468d4b81ff8e076fa76789871181f7a;7f9fddcd93b3010d0a10e230b782ffa26df21fa6c76f254b93c94a7d79b834b5;0.76;;108944;arm;1;0;1;775eb0f3116d5dc690dca08be8e124c69a64edf0;d8b0dcc89b13614bf6d1924b8992ecf7dc143eef12f6d0c71f67c6a76e407c79;0.72;;115690;arm;1;0;1;065
6dea3106a901a13b10e3bfffd770647c79254bf9;5f7ee36e6f507f1f8e0419cb113cfc6d138e6bda2a336f147ad33d6c8ec68420;0.08;;48164;ppc;1;1;1;8938d0a4bfb402306bfa58d94496c7943550c52e;5e88aadc4ed8b384e6a59fc3856eb03b508885731aee5301a4f025314cd446af;0.04;Mirai;50220;ppc;1;1;1;024
6dea3106a901a13b10e3bfffd770647c79254bf9;5f7ee36e6f507f1f8e0419cb113cfc6d138e6bda2a336f147ad33d6c8ec68420;0.08;;48164;ppc;1;1;1;8bcdac7f0febdcafc98b483541fb99644025683a;41257a3e859826d8d3a434b02f198ea8e216557d8e61aaf6dfc25dc7785d0609;0.04;Mirai;50300;ppc;1;1;1;024
6dea3106a901a13b10e3bfffd770647c79254bf9;5f7ee36e6f507f1f8e0419cb113cfc6d138e6bda2a336f147ad33d6c8ec68420;0.08;;48164;ppc;1;1;1;95d242bac6b16198712fad29e4b5ff9e3e25cf30;c475fd2c1781f02113a6af8a09ee21d6a9cfb37df43f3fabe1ce1243e5c529f1;0.04;Mirai;50364;ppc;1;1;1;026
6f19d4513e1543ea4677c7999ae30d41e06e73b7;c86187857f5c04ef66fcdf253d01345f1fc60b7b84b69752a4b2faa789f88afb;0.4;;112178;mips;1;0;1;d8f6338ce10a8e727a29e0876c62ee292a500a6f;2034f3d0fed2f507f7f7ba66a342194709e7fb16b24eee05439e5cce5267aa03;0.36;;92456;mips;1;1;1;056
73495820cd7f1dd533f5ca7d3e41d948eb714abf;4784d776a46311327dc2231612aaef8975503c6ad17cd9e54c015808744c8d11;0.16;;53240;arm;0;1;1;a8d59a2f69e0cef8723e6a437a42d06f1937b758;9dd0b7b5fb048605b73001d752b865cceb8292512049e35fb73eb104fe3de245;0.12;;53336;arm;0;1;1;021
73edfe46ffad4274c4636357f15e546efccb0e41;1059ad23e73a7fee7e7a40d78a07bb8124274328c73c2ab76d7300fcc6643af1;0.44;Tsunami;67204;ppc;1;1;1;bb1f4d1534ed7c4c43b97ef99fae4910a985fc6a;6915f0e4617fdd105a0a345c8293dfe8e8fff702e20cf05a6c721d902bf76f1d;0.4;Tsunami;67204;ppc;1;1;1;021
7738be78619d4db96000d256fcfd5b54b6ed9f60;1d2d1c4a95ef45b4e181fb6929869bf02945f6a3450182d7cbd8a60b4b4647e4;0.08;;65088;mips;1;1;1;c826532f346902cf46186d3b05ba7a71628a86f1;74dfd6b7291a72437a38035eb4cd965701c8823ccc7a93e25dfc640a60fe4403;0.12;;28268;mips;1;0;1;028
7738be78619d4db96000d256fcfd5b54b6ed9f60;1d2d1c4a95ef45b4e181fb6929869bf02945f6a3450182d7cbd8a60b4b4647e4;0.08;;65088;mips;1;1;1;e456c95b0b33d44bbb805abf05dff7957119d021;4b3a4ee68c76b3090102c23d929765cac1e4cb0f5d03aa4aa7e47ac42ee78ed4;0.04;Mirai;68240;mips;1;1;1;028
775eb0f3116d5dc690dca08be8e124c69a64edf0;d8b0dcc89b13614bf6d1924b8992ecf7dc143eef12f6d0c71f67c6a76e407c79;0.72;;115690;arm;1;0;1;f9a5aa0f149a95c87ba17de90b34e65ab537b49f;139e22c79d659fddfc8efe299f59d8589ca8e04ff0a22a5c150bd1b54e2ca93f;0.76;Gafgyt;108966;arm;1;0;1;057
782b8ce95908a125d736918e5ed51e768c192fb0;fb7afa0b5ccb9ef0cfb9664e45a8f20728a0f7167c2b9bfbaaa10500a29ea28d;0.72;;137859;ppc;1;0;1;a32c2336df47b905e291345265efe08c722276b4;637909265a980a12204bd435399a140e491390d65d128904755cea6654236044;0.64;Gafgyt;113444;ppc;1;1;1;025
782b8ce95908a125d736918e5ed51e768c192fb0;fb7afa0b5ccb9ef0cfb9664e45a8f20728a0f7167c2b9bfbaaa10500a29ea28d;0.72;;137859;ppc;1;0;1;e8016b68c6b30b3afbc8f45ae1e65e6e14537d9f;effa6d9a75a68654ff2e53ef84b6ffeff761f72106e0a614237a1f8751c09f11;0.64;Gafgyt;113444;ppc;1;1;1;053
7e4ade2a48efbbc22640ac0ebe733dd4ab23a7ab;e7beb4bb5b76f7f41c6135a3a70f3922176fab15fc7a25a4be773149e05e5602;0.16;Mirai;59692;arm;1;1;1;ffaa21c9ba6c25e15991903f813f609a5a302dcd;ea4ef5ae4d1ea74f321e0f6037a2f7b289779af2f5ccd54042a4814465a9f9d4;0.12;Mirai;66688;arm;1;1;1;026
802f362b4a4b6cdab5b2ad715381501f6b598c99;db0b36bfc0a0516b94b5bb55a7d07b1dbf270278d3f730d294b568420c31ab30;0.24;Mirai;129539;arm;1;0;1;eeaaebdc57707d1f2df3e2c22d4cee89b161a814;76ba6747de35ec9b258c8091e9e912f6f19054432bcbd7f1ae7b8162bb28a5cc;0.2;Mirai;133907;arm;1;0;1;026
83012823d09338ffcaf7be7dd4a8dc39ce47192b;52b8576f5192fd9f4443854cc798f1245d99203152c1d9148db684e8bae83b8f;0.16;Mirai;59692;arm;1;1;1;ffaa21c9ba6c25e15991903f813f609a5a302dcd;ea4ef5ae4d1ea74f321e0f6037a2f7b289779af2f5ccd54042a4814465a9f9d4;0.12;Mirai;66688;arm;1;1;1;026
8401ad5ea561f62c2e9092b5f3839f6f633797db;f7b1b8376556adc1852f99534d481d490c387cffabbd605bddb2ab129edf7fc7;0.2;Mirai;53920;x86;1;1;1;e08cfdab7fad99c14cf824c498497a32b95e00dc;fea28f7b4986aab474e16ac55a36502976f6174d05d2b6dedf0f5c65856b7a5f;0.28;Mirai;57948;x86;1;1;1;020
843355f248a1da805bab5e52407b3265380faa32;eef2abd3e855a09eb00f957c47773da1a19f8cca55afe9e437a5e15d14a8bd89;0.08;Mirai;57232;mips;1;1;1;90396ba972167236486f43f84f9664e851db03fd;a03042666726258543bf6c8b19ad57aa0a588fcb8b31b551c442159f5c3e0f43;0.04;;72172;mips;1;1;1;028
8915750324c116697131c921f44bf7ed92ee64af;42abed3bc045f661e22723ee43ce31152503d8751cebfe75fa936064767e9bf3;0.72;;135037;arm;1;0;1;b950cc546bab248c5d1fc821c89d1a7a5273b35a;8bb5d0d249c53f378d17641778ceb2f57cc68506a5ce5eeaef6596742672e2b5;0.68;Gafgyt;101988;arm;1;1;1;050
8915750324c116697131c921f44bf7ed92ee64af;42abed3bc045f661e22723ee43ce31152503d8751cebfe75fa936064767e9bf3;0.72;;135037;arm;1;0;1;c112280957a16576571f97091fc73e094d2d509b;53a27d1ea05ea2539921c5a553381dfede7d703ec2978bffdc8a31834489e14a;0.64;Gafgyt;105156;arm;1;1;1;038
8938d0a4bfb402306bfa58d94496c7943550c52e;5e88aadc4ed8b384e6a59fc3856eb03b508885731aee5301a4f025314cd446af;0.04;Mirai;50220;ppc;1;1;1;b417800fbf8a2f682050cffac5c996e697166b1c;50311fe1df9554a7e49a531663e00062477bd7c5f0348d1fb6d03dbc797c6953;0.08;;24560;ppc;1;0;1;026
8938d0a4bfb402306bfa58d94496c7943550c52e;5e88aadc4ed8b384e6a59fc3856eb03b508885731aee5301a4f025314cd446af;0.04;Mirai;50220;ppc;1;1;1;da29e174f9eab31d007219b3eafbf3b8c99cd6e8;c7197da654afc7549dd125f7d0f18777e4333b32f6573659d367314211d0a980;0.08;;48164;ppc;1;1;1;024
8bcdac7f0febdcafc98b483541fb99644025683a;41257a3e859826d8d3a434b02f198ea8e216557d8e61aaf6dfc25dc7785d0609;0.04;Mirai;50300;ppc;1;1;1;b417800fbf8a2f682050cffac5c996e697166b1c;50311fe1df9554a7e49a531663e00062477bd7c5f0348d1fb6d03dbc797c6953;0.08;;24560;ppc;1;0;1;026
8bcdac7f0febdcafc98b483541fb99644025683a;41257a3e859826d8d3a434b02f198ea8e216557d8e61aaf6dfc25dc7785d0609;0.04;Mirai;50300;ppc;1;1;1;da29e174f9eab31d007219b3eafbf3b8c99cd6e8;c7197da654afc7549dd125f7d0f18777e4333b32f6573659d367314211d0a980;0.08;;48164;ppc;1;1;1;024
8d27b3a01b9fe8dadadc3c19f9fc8d118ee3b6f9;726f2fcea03d4f5d4cbf4fc9a2416b1481d053895494d1b61d3a3ea7d9acc0c2;0.04;Mirai;71584;mips;1;1;1;a0e1264efbad06856d773ccc9cfe4e4e0a434d17;bfd87ae72746c9521b6cfe7ba194049e364f25a110712e9732f5e88748adadff;0.08;;67488;mips;1;1;1;031
8d27b3a01b9fe8dadadc3c19f9fc8d118ee3b6f9;726f2fcea03d4f5d4cbf4fc9a2416b1481d053895494d1b61d3a3ea7d9acc0c2;0.04;Mirai;71584;mips;1;1;1;b13e3a57dd03eda7a6bc62347e03721bf67de4ae;901412baa54cbd6582490e383f2e29c59401ee787061b0b9e9d0ac318bd9f0bc;0.08;;67488;mips;1;1;1;031
8d27b3a01b9fe8dadadc3c19f9fc8d118ee3b6f9;726f2fcea03d4f5d4cbf4fc9a2416b1481d053895494d1b61d3a3ea7d9acc0c2;0.04;Mirai;71584;mips;1;1;1;d572a26f0b206039a952eda8506389a4e2327098;0eba526343e9fdc1e7b16832bfa5c9c95776e8772c074c65e196130ef35890ce;0.12;;29176;mips;1;0;1;035
90396ba972167236486f43f84f9664e851db03fd;a03042666726258543bf6c8b19ad57aa0a588fcb8b31b551c442159f5c3e0f43;0.04;;72172;mips;1;1;1;ddf35bf29f901154cb89563bb7bcc93999d37c8d;39ec50745cb6e58cdf494212afa3e39ac622159a5e4e83346466911c05ddbc1a;0.08;Gafgyt;60652;mips;1;1;1;025
917c3858de2ca7e87cf2708bbb09196659daeac6;7efec538c4d74bc8dca846a2b152928a56a0a9cf81c932d629ece2981efbc39e;0.32;Mirai;122818;arm;1;0;1;a94f3c3401c820128e8226de776992da931564ef;a4db34b74502705e5b9b2e9e8609a1b701dac174f009534f4e2d1d9e1f9eb70a;0.28;Mirai;125049;arm;1;0;1;022
917c3858de2ca7e87cf2708bbb09196659daeac6;7efec538c4d74bc8dca846a2b152928a56a0a9cf81c932d629ece2981efbc39e;0.32;Mirai;122818;arm;1;0;1;f4a614208972d7187f4e230acd2a0f6ecbfea895;c2ca43557839756e12c6fda599dd4117f3b8bba851b18ec80344f0d11e8b1687;0.28;Mirai;125113;arm;1;0;1;023
93e33041366e33d4dc9b3607155c5adbd66b221d;05ae1d1acbb1ec0bdd10321621fa4deaa2d858ad761caa94df9be43dec234767;0.16;;53364;arm;0;1;1;a8d59a2f69e0cef8723e6a437a42d06f1937b758;9dd0b7b5fb048605b73001d752b865cceb8292512049e35fb73eb104fe3de245;0.12;;53336;arm;0;1;1;067
95d242bac6b16198712fad29e4b5ff9e3e25cf30;c475fd2c1781f02113a6af8a09ee21d6a9cfb37df43f3fabe1ce1243e5c529f1;0.04;Mirai;50364;ppc;1;1;1;b417800fbf8a2f682050cffac5c996e697166b1c;50311fe1df9554a7e49a531663e00062477bd7c5f0348d1fb6d03dbc797c6953;0.08;;24560;ppc;1;0;1;028
95d242bac6b16198712fad29e4b5ff9e3e25cf30;c475fd2c1781f02113a6af8a09ee21d6a9cfb37df43f3fabe1ce1243e5c529f1;0.04;Mirai;50364;ppc;1;1;1;da29e174f9eab31d007219b3eafbf3b8c99cd6e8;c7197da654afc7549dd125f7d0f18777e4333b32f6573659d367314211d0a980;0.08;;48164;ppc;1;1;1;026
9754663577b2c3801f83cff9aa6f5ef0aeeb2966;13700e6d8c861016057881b568b9661fea596bbed508c1995594196ff3a08e9b;0.08;;65088;mips;1;1;1;c826532f346902cf46186d3b05ba7a71628a86f1;74dfd6b7291a72437a38035eb4cd965701c8823ccc7a93e25dfc640a60fe4403;0.12;;28268;mips;1;0;1;028
9754663577b2c3801f83cff9aa6f5ef0aeeb2966;13700e6d8c861016057881b568b9661fea596bbed508c1995594196ff3a08e9b;0.08;;65088;mips;1;1;1;e456c95b0b33d44bbb805abf05dff7957119d021;4b3a4ee68c76b3090102c23d929765cac1e4cb0f5d03aa4aa7e47ac42ee78ed4;0.04;Mirai;68240;mips;1;1;1;027
9d6258095768b9aa9444c518061c33872b66488d;5e4d2123943054e3ae08649216ae5545d875f803f29d5912eece6cc363c2ee9f;0.2;Mirai;55872;x86;1;1;1;e08cfdab7fad99c14cf824c498497a32b95e00dc;fea28f7b4986aab474e16ac55a36502976f6174d05d2b6dedf0f5c65856b7a5f;0.28;Mirai;57948;x86;1;1;1;020
9ed433d191375fbaa97c40c1bdcf250625060c3e;f6cf5c876e1ea2324957ffee02b4ba6f977c2f3ea24ba388d0770a62f83249a9;0.12;Mirai;42712;arm;0;1;1;fcffaf0bc260f9cffeaa41dac67b4f9d5d88e730;8cd36be20cc76b1a0f8d23bfd85dd0e18374ad28fb81d653cdae3e88d0c5e760;0.16;Mirai;42732;arm;0;1;1;049
9f23f8e273bc17f70ed3d00687a70e94e38def85;a4da28a9338397410f51189ef0c3d2dd22a2db401b1a94beb8b4d81916b2430e;0.8;;117430;x86;1;0;1;e7710b7c42deeafca846135dee096e66c697ebae;f238b6adcd6681a94eb5e74ac70be1b5b463d304bb4c3271926b7a5514010e9d;0.68;Gafgyt;92784;x86;1;1;1;039
9fa473e12d425491c6e38e7aef8a28536c3d0326;ed4e739ef8bef507b3fdf98554c8171cc5e4edbbc574acd846be10584d969a36;0.08;Mirai;62596;arm;1;1;1;baa203983282e7a5c37cc98b631156e0e36e6994;69d0894c83de33e30c09170e06940e5e7292a8552cb39a31a6ef7a17805a8e3a;0.12;;60408;arm;1;1;1;026
9fa473e12d425491c6e38e7aef8a28536c3d0326;ed4e739ef8bef507b3fdf98554c8171cc5e4edbbc574acd846be10584d969a36;0.08;Mirai;62596;arm;1;1;1;d0b10a5d45d1e8b585eb79bd90e78e2f83615ae5;1144f21313dd5c9d530f37107a1402e5a2dfbe90b2936eee5a1d8a1db4b628d3;0.12;;60424;arm;1;1;1;027
9fa473e12d425491c6e38e7aef8a28536c3d0326;ed4e739ef8bef507b3fdf98554c8171cc5e4edbbc574acd846be10584d969a36;0.08;Mirai;62596;arm;1;1;1;d754b694b88f2abf19542fb85f29a7b3985ea281;48f1f782484054b88fc530c21b64512f8ef26bb31730a4fa6c74e04782cab088;0.12;Mirai;60424;arm;1;1;1;027
a0e1264efbad06856d773ccc9cfe4e4e0a434d17;bfd87ae72746c9521b6cfe7ba194049e364f25a110712e9732f5e88748adadff;0.08;;67488;mips;1;1;1;d572a26f0b206039a952eda8506389a4e2327098;0eba526343e9fdc1e7b16832bfa5c9c95776e8772c074c65e196130ef35890ce;0.12;;29176;mips;1;0;1;031
a0e1264efbad06856d773ccc9cfe4e4e0a434d17;bfd87ae72746c9521b6cfe7ba194049e364f25a110712e9732f5e88748adadff;0.08;;67488;mips;1;1;1;d90c2121c695a0e87e001227e4c9e81079792179;74260693f49d1be7a4b592c286ffa560afab6fdea1aa1d0fa028edfb661ed799;0.04;Mirai;71584;mips;1;1;1;031
a79b7ec1c2bf8458a0d40c3627e6f409140146dc;29e022297dcb7c9f1b4ed0eebdd501b0050b5e59375c8e7e38d5644ac4872f01;0.52;Tsunami;234105;mips;1;0;1;fefe3653e2b7488eae6ae8fa6761c126f18c07a4;c1e450bba05616657146ced563d1a6e67d75227d1aa7b5faa2a264a4642695e1;0.48;Tsunami;234102;mips;1;0;1;094
a864295c40691d2ef574948453298c912b5c30a2;4fc183db012954f45950667b6526a09423415d12f846c36879a9ee2a82402c79;0.16;Mirai;53412;arm;0;1;1;a8d59a2f69e0cef8723e6a437a42d06f1937b758;9dd0b7b5fb048605b73001d752b865cceb8292512049e35fb73eb104fe3de245;0.12;;53336;arm;0;1;1;051
a8d59a2f69e0cef8723e6a437a42d06f1937b758;9dd0b7b5fb048605b73001d752b865cceb8292512049e35fb73eb104fe3de245;0.12;;53336;arm;0;1;1;b00464a992ff84e20acc707497a7455ccbc12cc8;697e4a24ab48f845bc02f517917bfe7680c9aa5de225eb6ef13087a80865abbe;0.16;Mirai;51288;arm;0;1;1;044
a8d59a2f69e0cef8723e6a437a42d06f1937b758;9dd0b7b5fb048605b73001d752b865cceb8292512049e35fb73eb104fe3de245;0.12;;53336;arm;0;1;1;fc4a0849a31d6b2866ef1110e2755564891868c8;91d3eab7067d1c365999b96d0a49589dbf382960acc864e9db08cd0df2c3b054;0.16;Mirai;53344;arm;0;1;1;071
a94f3c3401c820128e8226de776992da931564ef;a4db34b74502705e5b9b2e9e8609a1b701dac174f009534f4e2d1d9e1f9eb70a;0.28;Mirai;125049;arm;1;0;1;cf709e1ce75636f71278581c60e8a8d794c91ad4;4ee019c451f7fc61c01862026e2871fee0a02ac3e8d7b4527cb8fa957390e479;0.32;;122818;arm;1;0;1;023
a94f3c3401c820128e8226de776992da931564ef;a4db34b74502705e5b9b2e9e8609a1b701dac174f009534f4e2d1d9e1f9eb70a;0.28;Mirai;125049;arm;1;0;1;d93614f124407a36cf512ee642ac013136eab6ab;c7525c8a235209947e66aa8b575fce098371318659a61be106dd145bb9911a62;0.32;;122818;arm;1;0;1;023
a96b9e6e789de9dc5d048e7d87f936651a036c51;f6d80a5f39c20abf02fbc0bce4cd9ed022b6657ddff8559151ffcc98c3e040b7;0.24;Mirai;129539;arm;1;0;1;e525b59ef82e18677c17faba674e91895f6ec3e8;e3a4200de1f62775b6a7383fe490669ddc43f346aca42ad0f4ebcb2fdc4f7e96;0.2;Mirai;133826;arm;1;0;1;022
ad34b8695a4307c1a92d651b92d0dd8f70660b90;eaa05f0e18bbb0c5c6eae6c0311dcb31d11eb00ae2fc2dad7c868d7aca0f14b3;0.32;Gafgyt;75557;arm;1;0;1;be7794391ed7676f58fb1142fb05351a4f8042e1;72f924b5f15e807da2b3272fb2803559853b1efffd6157e6cefd7439a6e61973;0.28;;82131;arm;1;0;1;080
b13e3a57dd03eda7a6bc62347e03721bf67de4ae;901412baa54cbd6582490e383f2e29c59401ee787061b0b9e9d0ac318bd9f0bc;0.08;;67488;mips;1;1;1;d572a26f0b206039a952eda8506389a4e2327098;0eba526343e9fdc1e7b16832bfa5c9c95776e8772c074c65e196130ef35890ce;0.12;;29176;mips;1;0;1;031
b13e3a57dd03eda7a6bc62347e03721bf67de4ae;901412baa54cbd6582490e383f2e29c59401ee787061b0b9e9d0ac318bd9f0bc;0.08;;67488;mips;1;1;1;d90c2121c695a0e87e001227e4c9e81079792179;74260693f49d1be7a4b592c286ffa560afab6fdea1aa1d0fa028edfb661ed799;0.04;Mirai;71584;mips;1;1;1;031
b62e8a336cf55be1d76c49126cdb92af0be98e40;1d80c67c81f5fd638c9512205c18304a79235067cf2e2705b318049c8d3a171a;0.4;;112178;mips;1;0;1;d8f6338ce10a8e727a29e0876c62ee292a500a6f;2034f3d0fed2f507f7f7ba66a342194709e7fb16b24eee05439e5cce5267aa03;0.36;;92456;mips;1;1;1;056
b950cc546bab248c5d1fc821c89d1a7a5273b35a;8bb5d0d249c53f378d17641778ceb2f57cc68506a5ce5eeaef6596742672e2b5;0.68;Gafgyt;101988;arm;1;1;1;c112280957a16576571f97091fc73e094d2d509b;53a27d1ea05ea2539921c5a553381dfede7d703ec2978bffdc8a31834489e14a;0.64;Gafgyt;105156;arm;1;1;1;066
b9e8de476a391aa41738356b1e44b746b1f9833d;143bd08a2b2f63125cc9c5d8771a1101a6570252ffefa62309e1a09e6ba9baf0;0.04;Mirai;54088;arm;1;1;1;babbb38fabe5aa0cbb2fe9f24d041c87f65b99f3;f7dcf4c8f3d95a0386f4a4928e50c0857e46de4155ff09bec7a24ae3d935e158;0.08;Mirai;50928;arm;1;1;1;037
b9e8de476a391aa41738356b1e44b746b1f9833d;143bd08a2b2f63125cc9c5d8771a1101a6570252ffefa62309e1a09e6ba9baf0;0.04;Mirai;54088;arm;1;1;1;cbb3765cbe6557a29e57d2c81d4e39bc886d3dc1;6591d0e35ff250d441c87488c4f730ac690ca5a1330a787c3b2fe5c974eb0bf9;0.08;;50928;arm;1;1;1;037
b9e8de476a391aa41738356b1e44b746b1f9833d;143bd08a2b2f63125cc9c5d8771a1101a6570252ffefa62309e1a09e6ba9baf0;0.04;Mirai;54088;arm;1;1;1;dbd029b481cd78fbbaa4a4e0663cc45c187eb4db;45597531c383e6e2f4f9e050798fcb6798ff66649f68453cd8e1cfd73180dcbe;0.08;;50928;arm;1;1;1;037
c2002721fdcb16682009e4c467598d34329b1f23;87bfca86e5eef2d8752745b8ca108c4277b08c0f30d8a875d77212a7f2949c79;0.52;Tsunami;151322;x86;1;0;1;ea5692d9d69f24ae662f1e76f1cf47d4aaf18fb1;2ad3e41409a41ed8ee1aef5a234946563aa8844261aa657b51c79fc2d36fdca9;0.48;Tsunami;151383;x86;1;0;1;081
c826532f346902cf46186d3b05ba7a71628a86f1;74dfd6b7291a72437a38035eb4cd965701c8823ccc7a93e25dfc640a60fe4403;0.12;;28268;mips;1;0;1;e456c95b0b33d44bbb805abf05dff7957119d021;4b3a4ee68c76b3090102c23d929765cac1e4cb0f5d03aa4aa7e47ac42ee78ed4;0.04;Mirai;68240;mips;1;1;1;033
ca10c4fb3a821341c35e562caf940ca19e74efe1;84e161cc5fa47fd0358bbab91ade276880b3d370c8faa049f3fee0b1920e39dc;0.4;;80276;arm;1;1;1;d385b141410edb78c227501e1ba88532d90a1391;64991605148b56d8b41c6a9a0e48357a8d2a965872f3150fe761ff783000b166;0.48;;114023;arm;1;0;1;042
cf709e1ce75636f71278581c60e8a8d794c91ad4;4ee019c451f7fc61c01862026e2871fee0a02ac3e8d7b4527cb8fa957390e479;0.32;;122818;arm;1;0;1;f4a614208972d7187f4e230acd2a0f6ecbfea895;c2ca43557839756e12c6fda599dd4117f3b8bba851b18ec80344f0d11e8b1687;0.28;Mirai;125113;arm;1;0;1;023
d35f23989c136b6658bbfea9ab7d92fe88c802b2;ac6958661dd89fdf29746468c87d158698e6111daa05a7483816185f5ec54222;0.12;;49140;arm;0;1;1;fcffaf0bc260f9cffeaa41dac67b4f9d5d88e730;8cd36be20cc76b1a0f8d23bfd85dd0e18374ad28fb81d653cdae3e88d0c5e760;0.16;Mirai;42732;arm;0;1;1;055
d572a26f0b206039a952eda8506389a4e2327098;0eba526343e9fdc1e7b16832bfa5c9c95776e8772c074c65e196130ef35890ce;0.12;;29176;mips;1;0;1;d90c2121c695a0e87e001227e4c9e81079792179;74260693f49d1be7a4b592c286ffa560afab6fdea1aa1d0fa028edfb661ed799;0.04;Mirai;71584;mips;1;1;1;034
d5a724c6755ae78cf1f892a2d3734f4e3ae14a8f;967e7a402983678e9eec4faa2a3deb80f99de7f48bf8c210ebe7748409627d11;0.24;Mirai;129539;arm;1;0;1;e525b59ef82e18677c17faba674e91895f6ec3e8;e3a4200de1f62775b6a7383fe490669ddc43f346aca42ad0f4ebcb2fdc4f7e96;0.2;Mirai;133826;arm;1;0;1;022
d93614f124407a36cf512ee642ac013136eab6ab;c7525c8a235209947e66aa8b575fce098371318659a61be106dd145bb9911a62;0.32;;122818;arm;1;0;1;f4a614208972d7187f4e230acd2a0f6ecbfea895;c2ca43557839756e12c6fda599dd4117f3b8bba851b18ec80344f0d11e8b1687;0.28;Mirai;125113;arm;1;0;1;023
dc50f470a2eee8a066e97fcdc83bc73c6bf24339;c352d934ab3d4d93c1b91ef93ecde464993b67b5842b358c3adb110d2be2ce4c;0.24;Mirai;129539;arm;1;0;1;e525b59ef82e18677c17faba674e91895f6ec3e8;e3a4200de1f62775b6a7383fe490669ddc43f346aca42ad0f4ebcb2fdc4f7e96;0.2;Mirai;133826;arm;1;0;1;022
df3533a98fa69b2dfa69d87c724cdca39c065a88;3ff3af6e5817da6f1e39021b50f83a16825185b273d9d658b7578272c4aa219d;0.16;;59200;arm;1;1;1;ffaa21c9ba6c25e15991903f813f609a5a302dcd;ea4ef5ae4d1ea74f321e0f6037a2f7b289779af2f5ccd54042a4814465a9f9d4;0.12;Mirai;66688;arm;1;1;1;022
f944ade9e5569606cf2864845634df9e81d8a164;454ffbdc593d3024e15e1f54ed39ce582c8c7c354bf2910bad5e10d5f09d3879;0.12;Mirai;44824;arm;0;1;1;fcffaf0bc260f9cffeaa41dac67b4f9d5d88e730;8cd36be20cc76b1a0f8d23bfd85dd0e18374ad28fb81d653cdae3e88d0c5e760;0.16;Mirai;42732;arm;0;1;1;053
